,word
0,AAHS
1,AALS
2,ABAC
3,ABAS
4,ABBA
5,ABBE
6,ABBS
7,ABED
8,ABET
9,ABID
10,ABLE
11,ABLY
12,ABOS
13,ABRI
14,ABUT
15,ABYE
16,ABYS
17,ACAI
18,ACCA
19,ACED
20,ACER
21,ACES
22,ACHE
23,ACHY
24,ACID
25,ACME
26,ACNE
27,ACRE
28,ACTA
29,ACTS
30,ACYL
31,ADAW
32,ADDS
33,ADDY
34,ADIT
35,ADOS
36,ADRY
37,ADZE
38,AEON
39,AERO
40,AERY
41,AESC
42,AFAR
43,AFFY
44,AFRO
45,AGAR
46,AGAS
47,AGED
48,AGEE
49,AGEN
50,AGER
51,AGES
52,AGHA
53,AGIN
54,AGIO
55,AGLU
56,AGLY
57,AGMA
58,AGOG
59,AGON
60,AGUE
61,AHED
62,AHEM
63,AHIS
64,AHOY
65,AIAS
66,AIDE
67,AIDS
68,AIGA
69,AILS
70,AIMS
71,AINE
72,AINS
73,AIRN
74,AIRS
75,AIRT
76,AIRY
77,AITS
78,AITU
79,AJAR
80,AJEE
81,AKED
82,AKEE
83,AKES
84,AKIN
85,ALAE
86,ALAN
87,ALAP
88,ALAR
89,ALAS
90,ALAY
91,ALBA
92,ALBE
93,ALBS
94,ALCO
95,ALEC
96,ALEE
97,ALEF
98,ALES
99,ALEW
100,ALFA
101,ALFS
102,ALGA
103,ALIF
104,ALIT
105,ALKO
106,ALKY
107,ALLS
108,ALLY
109,ALMA
110,ALME
111,ALMS
112,ALOD
113,ALOE
114,ALOW
115,ALPS
116,ALSO
117,ALTO
118,ALTS
119,ALUM
120,AMAH
121,AMAS
122,AMBO
123,AMEN
124,AMIA
125,AMID
126,AMIE
127,AMIN
128,AMIR
129,AMIS
130,AMLA
131,AMMO
132,AMOK
133,AMPS
134,AMUS
135,AMYL
136,ANAL
137,ANAN
138,ANAS
139,ANCE
140,ANDS
141,ANES
142,ANEW
143,ANGA
144,ANIL
145,ANIS
146,ANKH
147,ANNA
148,ANNO
149,ANNS
150,ANOA
151,ANON
152,ANOW
153,ANSA
154,ANTA
155,ANTE
156,ANTI
157,ANTS
158,ANUS
159,APAY
160,APED
161,APER
162,APES
163,APEX
164,APOD
165,APOS
166,APPS
167,APSE
168,APSO
169,APTS
170,AQUA
171,ARAK
172,ARAR
173,ARBA
174,ARBS
175,ARCH
176,ARCO
177,ARCS
178,ARDS
179,AREA
180,ARED
181,AREG
182,ARES
183,ARET
184,AREW
185,ARFS
186,ARIA
187,ARID
188,ARIL
189,ARIS
190,ARKS
191,ARLE
192,ARMS
193,ARMY
194,ARNA
195,AROW
196,ARPA
197,ARSE
198,ARSY
199,ARTI
200,ARTS
201,ARTY
202,ARUM
203,ARVO
204,ARYL
205,ASAR
206,ASCI
207,ASEA
208,ASHY
209,ASKS
210,ASPS
211,ATAP
212,ATES
213,ATMA
214,ATOC
215,ATOK
216,ATOM
217,ATOP
218,ATUA
219,AUFS
220,AUKS
221,AULA
222,AULD
223,AUNE
224,AUNT
225,AURA
226,AUTO
227,AVAL
228,AVAS
229,AVEL
230,AVER
231,AVES
232,AVID
233,AVOS
234,AVOW
235,AWAY
236,AWDL
237,AWED
238,AWEE
239,AWES
240,AWLS
241,AWNS
242,AWNY
243,AWOL
244,AWRY
245,AXAL
246,AXED
247,AXEL
248,AXES
249,AXIL
250,AXIS
251,AXLE
252,AXON
253,AYAH
254,AYES
255,AYIN
256,AYRE
257,AYUS
258,AZAN
259,AZON
260,AZYM
261,BAAL
262,BAAS
263,BABA
264,BABE
265,BABU
266,BABY
267,BACH
268,BACK
269,BACS
270,BADE
271,BADS
272,BAEL
273,BAFF
274,BAFT
275,BAGH
276,BAGS
277,BAHT
278,BAIL
279,BAIT
280,BAJU
281,BAKE
282,BALD
283,BALE
284,BALK
285,BALL
286,BALM
287,BALS
288,BALU
289,BAMS
290,BANC
291,BAND
292,BANE
293,BANG
294,BANI
295,BANK
296,BANS
297,BANT
298,BAPS
299,BAPU
300,BARB
301,BARD
302,BARE
303,BARF
304,BARK
305,BARM
306,BARN
307,BARP
308,BARS
309,BASE
310,BASH
311,BASK
312,BASS
313,BAST
314,BATE
315,BATH
316,BATS
317,BATT
318,BAUD
319,BAUK
320,BAUR
321,BAWD
322,BAWL
323,BAWN
324,BAWR
325,BAYE
326,BAYS
327,BAYT
328,BEAD
329,BEAK
330,BEAM
331,BEAN
332,BEAR
333,BEAT
334,BEAU
335,BECK
336,BEDE
337,BEDS
338,BEDU
339,BEEF
340,BEEN
341,BEEP
342,BEER
343,BEES
344,BEET
345,BEGO
346,BEGS
347,BEIN
348,BELL
349,BELS
350,BELT
351,BEMA
352,BEND
353,BENE
354,BENI
355,BENJ
356,BENS
357,BENT
358,BERE
359,BERG
360,BERK
361,BERM
362,BEST
363,BETA
364,BETE
365,BETH
366,BETS
367,BEVY
368,BEYS
369,BHAT
370,BHEL
371,BHUT
372,BIAS
373,BIBB
374,BIBS
375,BICE
376,BIDE
377,BIDI
378,BIDS
379,BIEN
380,BIER
381,BIFF
382,BIGA
383,BIGG
384,BIGS
385,BIKE
386,BILE
387,BILK
388,BILL
389,BIMA
390,BIND
391,BINE
392,BING
393,BINK
394,BINS
395,BINT
396,BIOG
397,BIOS
398,BIRD
399,BIRK
400,BIRL
401,BIRO
402,BIRR
403,BISE
404,BISH
405,BISK
406,BIST
407,BITE
408,BITO
409,BITS
410,BITT
411,BIZE
412,BLAB
413,BLAD
414,BLAE
415,BLAG
416,BLAH
417,BLAM
418,BLAT
419,BLAW
420,BLAY
421,BLEB
422,BLED
423,BLEE
424,BLET
425,BLEW
426,BLEY
427,BLIN
428,BLIP
429,BLOB
430,BLOC
431,BLOG
432,BLOT
433,BLOW
434,BLUB
435,BLUE
436,BLUR
437,BOAB
438,BOAK
439,BOAR
440,BOAS
441,BOAT
442,BOBA
443,BOBS
444,BOCK
445,BODE
446,BODS
447,BODY
448,BOEP
449,BOET
450,BOFF
451,BOGS
452,BOGY
453,BOHO
454,BOHS
455,BOIL
456,BOIS
457,BOKE
458,BOKO
459,BOKS
460,BOLA
461,BOLD
462,BOLE
463,BOLL
464,BOLO
465,BOLT
466,BOMA
467,BOMB
468,BONA
469,BOND
470,BONE
471,BONG
472,BONK
473,BONY
474,BOOB
475,BOOH
476,BOOK
477,BOOL
478,BOOM
479,BOON
480,BOOR
481,BOOS
482,BOOT
483,BOPS
484,BORA
485,BORD
486,BORE
487,BORK
488,BORM
489,BORN
490,BORS
491,BORT
492,BOSH
493,BOSK
494,BOSS
495,BOTA
496,BOTH
497,BOTS
498,BOTT
499,BOUK
500,BOUN
501,BOUT
502,BOWL
503,BOWR
504,BOWS
505,BOXY
506,BOYF
507,BOYG
508,BOYO
509,BOYS
510,BOZO
511,BRAD
512,BRAE
513,BRAG
514,BRAK
515,BRAN
516,BRAS
517,BRAT
518,BRAW
519,BRAY
520,BRED
521,BREE
522,BREI
523,BREN
524,BRER
525,BREW
526,BREY
527,BRIE
528,BRIG
529,BRIK
530,BRIM
531,BRIN
532,BRIO
533,BRIS
534,BRIT
535,BROD
536,BROG
537,BROO
538,BROS
539,BROW
540,BRRR
541,BRUS
542,BRUT
543,BRUX
544,BUAT
545,BUBA
546,BUBO
547,BUBS
548,BUBU
549,BUCK
550,BUDA
551,BUDI
552,BUDO
553,BUDS
554,BUFF
555,BUFO
556,BUGS
557,BUHL
558,BUHR
559,BUIK
560,BUKE
561,BULB
562,BULK
563,BULL
564,BUMF
565,BUMP
566,BUMS
567,BUNA
568,BUND
569,BUNG
570,BUNK
571,BUNN
572,BUNS
573,BUNT
574,BUOY
575,BURA
576,BURB
577,BURD
578,BURG
579,BURK
580,BURL
581,BURN
582,BURP
583,BURR
584,BURS
585,BURY
586,BUSH
587,BUSK
588,BUSS
589,BUST
590,BUSY
591,BUTE
592,BUTS
593,BUTT
594,BUYS
595,BUZZ
596,BYDE
597,BYES
598,BYKE
599,BYRE
600,BYRL
601,BYTE
602,CAAS
603,CABA
604,CABS
605,CACA
606,CADE
607,CADI
608,CADS
609,CAFE
610,CAFF
611,CAGE
612,CAGS
613,CAGY
614,CAID
615,CAIN
616,CAKE
617,CAKY
618,CALF
619,CALK
620,CALL
621,CALM
622,CALO
623,CALP
624,CALX
625,CAMA
626,CAME
627,CAMO
628,CAMP
629,CAMS
630,CANE
631,CANG
632,CANN
633,CANS
634,CANT
635,CANY
636,CAPA
637,CAPE
638,CAPH
639,CAPI
640,CAPO
641,CAPS
642,CARB
643,CARD
644,CARE
645,CARK
646,CARL
647,CARN
648,CARP
649,CARR
650,CARS
651,CART
652,CASA
653,CASE
654,CASH
655,CASK
656,CAST
657,CATE
658,CATS
659,CAUF
660,CAUK
661,CAUL
662,CAUM
663,CAUP
664,CAVA
665,CAVE
666,CAVY
667,CAWK
668,CAWS
669,CAYS
670,CEAS
671,CECA
672,CEDE
673,CEDI
674,CEES
675,CEIL
676,CELL
677,CELS
678,CELT
679,CENS
680,CENT
681,CEPE
682,CEPS
683,CERE
684,CERO
685,CERT
686,CESS
687,CETE
688,CHAD
689,CHAI
690,CHAL
691,CHAM
692,CHAO
693,CHAP
694,CHAR
695,CHAS
696,CHAT
697,CHAV
698,CHAW
699,CHAY
700,CHEF
701,CHER
702,CHEW
703,CHEZ
704,CHIA
705,CHIB
706,CHIC
707,CHID
708,CHIK
709,CHIN
710,CHIP
711,CHIS
712,CHIT
713,CHIV
714,CHIZ
715,CHOC
716,CHOG
717,CHON
718,CHOP
719,CHOU
720,CHOW
721,CHUB
722,CHUG
723,CHUM
724,CHUT
725,CIAO
726,CIDE
727,CIDS
728,CIEL
729,CIGS
730,CILL
731,CINE
732,CION
733,CIRE
734,CIRL
735,CIST
736,CITE
737,CITO
738,CITS
739,CITY
740,CIVE
741,CLAD
742,CLAG
743,CLAM
744,CLAN
745,CLAP
746,CLAT
747,CLAW
748,CLAY
749,CLEF
750,CLEG
751,CLEM
752,CLEW
753,CLIP
754,CLOD
755,CLOG
756,CLON
757,CLOP
758,CLOT
759,CLOU
760,CLOW
761,CLOY
762,CLUB
763,CLUE
764,COAL
765,COAT
766,COAX
767,COBB
768,COBS
769,COCA
770,COCH
771,COCK
772,COCO
773,CODA
774,CODE
775,CODS
776,COED
777,COFF
778,COFT
779,COGS
780,COHO
781,COIF
782,COIL
783,COIN
784,COIR
785,COIT
786,COKE
787,COKY
788,COLA
789,COLD
790,COLE
791,COLL
792,COLS
793,COLT
794,COLY
795,COMA
796,COMB
797,COME
798,COMM
799,COMP
800,COMS
801,COND
802,CONE
803,CONF
804,CONI
805,CONK
806,CONN
807,CONS
808,CONY
809,COOF
810,COOK
811,COOL
812,COOM
813,COON
814,COOP
815,COOS
816,COOT
817,COPE
818,COPS
819,COPY
820,CORD
821,CORE
822,CORF
823,CORK
824,CORM
825,CORN
826,CORS
827,CORY
828,COSE
829,COSH
830,COSS
831,COST
832,COSY
833,COTE
834,COTH
835,COTS
836,COTT
837,COUP
838,COUR
839,COVE
840,COWK
841,COWL
842,COWP
843,COWS
844,COWY
845,COXA
846,COXY
847,COYS
848,COZE
849,COZY
850,CRAB
851,CRAG
852,CRAM
853,CRAN
854,CRAP
855,CRAW
856,CRAY
857,CRED
858,CREE
859,CREM
860,CREW
861,CRIB
862,CRIM
863,CRIS
864,CRIT
865,CROC
866,CROG
867,CROP
868,CROW
869,CRUD
870,CRUE
871,CRUS
872,CRUX
873,CUBE
874,CUBS
875,CUDS
876,CUED
877,CUES
878,CUFF
879,CUIF
880,CUIT
881,CUKE
882,CULL
883,CULM
884,CULT
885,CUNT
886,CUPS
887,CURB
888,CURD
889,CURE
890,CURF
891,CURL
892,CURN
893,CURR
894,CURS
895,CURT
896,CUSH
897,CUSK
898,CUSP
899,CUSS
900,CUTE
901,CUTS
902,CWMS
903,CYAN
904,CYMA
905,CYME
906,CYST
907,CYTE
908,CZAR
909,DABS
910,DACE
911,DACK
912,DADA
913,DADO
914,DADS
915,DAES
916,DAFF
917,DAFT
918,DAGO
919,DAGS
920,DAHL
921,DAHS
922,DAIS
923,DAKS
924,DALE
925,DALI
926,DALS
927,DALT
928,DAME
929,DAMN
930,DAMP
931,DAMS
932,DANG
933,DANK
934,DANS
935,DANT
936,DAPS
937,DARB
938,DARE
939,DARG
940,DARI
941,DARK
942,DARN
943,DART
944,DASH
945,DATA
946,DATE
947,DATO
948,DAUB
949,DAUD
950,DAUR
951,DAUT
952,DAVY
953,DAWD
954,DAWK
955,DAWN
956,DAWS
957,DAWT
958,DAYS
959,DAZE
960,DEAD
961,DEAF
962,DEAL
963,DEAN
964,DEAR
965,DEAW
966,DEBE
967,DEBS
968,DEBT
969,DECK
970,DECO
971,DEED
972,DEEK
973,DEEM
974,DEEN
975,DEEP
976,DEER
977,DEES
978,DEET
979,DEEV
980,DEFI
981,DEFT
982,DEFY
983,DEGS
984,DEID
985,DEIF
986,DEIL
987,DEKE
988,DELE
989,DELF
990,DELI
991,DELL
992,DELO
993,DELS
994,DELT
995,DEME
996,DEMO
997,DEMY
998,DENE
999,DENI
1000,DENS
1001,DENT
1002,DENY
1003,DERE
1004,DERM
1005,DERN
1006,DERO
1007,DERV
1008,DESI
1009,DESK
1010,DEUS
1011,DEVA
1012,DEVS
1013,DEWS
1014,DEWY
1015,DEXY
1016,DEYS
1017,DHAK
1018,DHAL
1019,DHOL
1020,DHOW
1021,DIAL
1022,DIBS
1023,DICE
1024,DICH
1025,DICK
1026,DICT
1027,DIDO
1028,DIDY
1029,DIEB
1030,DIED
1031,DIEL
1032,DIES
1033,DIET
1034,DIFF
1035,DIFS
1036,DIGS
1037,DIKA
1038,DIKE
1039,DILL
1040,DIME
1041,DIMP
1042,DIMS
1043,DINE
1044,DING
1045,DINK
1046,DINO
1047,DINS
1048,DINT
1049,DIOL
1050,DIPS
1051,DIPT
1052,DIRE
1053,DIRK
1054,DIRL
1055,DIRT
1056,DISA
1057,DISC
1058,DISH
1059,DISK
1060,DISS
1061,DITA
1062,DITE
1063,DITS
1064,DITT
1065,DITZ
1066,DIVA
1067,DIVE
1068,DIVI
1069,DIVS
1070,DIXI
1071,DIXY
1072,DJIN
1073,DOAB
1074,DOAT
1075,DOBS
1076,DOBY
1077,DOCK
1078,DOCO
1079,DOCS
1080,DODO
1081,DODS
1082,DOEK
1083,DOEN
1084,DOER
1085,DOES
1086,DOFF
1087,DOGE
1088,DOGS
1089,DOGY
1090,DOHS
1091,DOIT
1092,DOJO
1093,DOLE
1094,DOLL
1095,DOLS
1096,DOLT
1097,DOME
1098,DOMS
1099,DOMY
1100,DONA
1101,DONE
1102,DONG
1103,DONS
1104,DOOB
1105,DOOK
1106,DOOL
1107,DOOM
1108,DOON
1109,DOOR
1110,DOOS
1111,DOPA
1112,DOPE
1113,DOPS
1114,DOPY
1115,DORB
1116,DORE
1117,DORK
1118,DORM
1119,DORP
1120,DORR
1121,DORS
1122,DORT
1123,DORY
1124,DOSE
1125,DOSH
1126,DOSS
1127,DOST
1128,DOTE
1129,DOTH
1130,DOTS
1131,DOTY
1132,DOUC
1133,DOUK
1134,DOUM
1135,DOUN
1136,DOUP
1137,DOUR
1138,DOUT
1139,DOUX
1140,DOVE
1141,DOWD
1142,DOWF
1143,DOWL
1144,DOWN
1145,DOWP
1146,DOWS
1147,DOWT
1148,DOXY
1149,DOYS
1150,DOZE
1151,DOZY
1152,DRAB
1153,DRAC
1154,DRAD
1155,DRAG
1156,DRAM
1157,DRAP
1158,DRAT
1159,DRAW
1160,DRAY
1161,DREE
1162,DREG
1163,DREK
1164,DREW
1165,DREY
1166,DRIB
1167,DRIP
1168,DROP
1169,DROW
1170,DRUB
1171,DRUG
1172,DRUM
1173,DRYS
1174,DSOS
1175,DUAD
1176,DUAL
1177,DUAN
1178,DUAR
1179,DUBS
1180,DUCE
1181,DUCI
1182,DUCK
1183,DUCT
1184,DUDE
1185,DUDS
1186,DUED
1187,DUEL
1188,DUES
1189,DUET
1190,DUFF
1191,DUGS
1192,DUIT
1193,DUKA
1194,DUKE
1195,DULE
1196,DULL
1197,DULY
1198,DUMA
1199,DUMB
1200,DUMP
1201,DUNE
1202,DUNG
1203,DUNK
1204,DUNS
1205,DUNT
1206,DUOS
1207,DUPE
1208,DUPS
1209,DURA
1210,DURE
1211,DURN
1212,DURO
1213,DURR
1214,DUSH
1215,DUSK
1216,DUST
1217,DUTY
1218,DWAM
1219,DYAD
1220,DYED
1221,DYER
1222,DYES
1223,DYKE
1224,DYNE
1225,DZHO
1226,DZOS
1227,EACH
1228,EALE
1229,EANS
1230,EARD
1231,EARL
1232,EARN
1233,EARS
1234,EASE
1235,EAST
1236,EASY
1237,EATH
1238,EATS
1239,EAUS
1240,EAUX
1241,EAVE
1242,EBBS
1243,EBON
1244,ECAD
1245,ECCE
1246,ECCO
1247,ECHE
1248,ECHO
1249,ECHT
1250,ECOD
1251,ECOS
1252,ECRU
1253,ECUS
1254,EDDO
1255,EDDY
1256,EDGE
1257,EDGY
1258,EDHS
1259,EDIT
1260,EECH
1261,EELS
1262,EELY
1263,EERY
1264,EEVN
1265,EFFS
1266,EFTS
1267,EGAD
1268,EGAL
1269,EGER
1270,EGGS
1271,EGGY
1272,EGIS
1273,EGMA
1274,EGOS
1275,EHED
1276,EIDE
1277,EIKS
1278,EILD
1279,EINA
1280,EINE
1281,EISH
1282,EKED
1283,EKES
1284,EKKA
1285,ELAN
1286,ELDS
1287,ELFS
1288,ELHI
1289,ELKS
1290,ELLS
1291,ELMS
1292,ELMY
1293,ELSE
1294,ELTS
1295,EMES
1296,EMEU
1297,EMIC
1298,EMIR
1299,EMIT
1300,EMMA
1301,EMMY
1302,EMOS
1303,EMPT
1304,EMUS
1305,EMYD
1306,EMYS
1307,ENDS
1308,ENES
1309,ENEW
1310,ENGS
1311,ENOL
1312,ENOW
1313,ENUF
1314,ENVY
1315,EOAN
1316,EONS
1317,EORL
1318,EPEE
1319,EPHA
1320,EPIC
1321,EPOS
1322,ERAS
1323,ERED
1324,ERES
1325,EREV
1326,ERGO
1327,ERGS
1328,ERIC
1329,ERKS
1330,ERNE
1331,ERNS
1332,EROS
1333,ERRS
1334,ERST
1335,ERUV
1336,ESES
1337,ESKY
1338,ESNE
1339,ESPY
1340,ESSE
1341,ESTS
1342,ETAS
1343,ETAT
1344,ETCH
1345,ETEN
1346,ETHE
1347,ETHS
1348,ETIC
1349,ETNA
1350,ETUI
1351,EUGE
1352,EUGH
1353,EUKS
1354,EUOI
1355,EURO
1356,EVEN
1357,EVER
1358,EVES
1359,EVET
1360,EVIL
1361,EVOE
1362,EVOS
1363,EWER
1364,EWES
1365,EWKS
1366,EWTS
1367,EXAM
1368,EXEC
1369,EXED
1370,EXES
1371,EXIT
1372,EXON
1373,EXPO
1374,EXUL
1375,EYAS
1376,EYED
1377,EYEN
1378,EYER
1379,EYES
1380,EYNE
1381,EYOT
1382,EYRA
1383,EYRE
1384,EYRY
1385,FAAN
1386,FAAS
1387,FABS
1388,FACE
1389,FACT
1390,FADE
1391,FADO
1392,FADS
1393,FADY
1394,FAFF
1395,FAGS
1396,FAHS
1397,FAIK
1398,FAIL
1399,FAIN
1400,FAIR
1401,FAIX
1402,FAKE
1403,FALL
1404,FALX
1405,FAME
1406,FAND
1407,FANE
1408,FANG
1409,FANK
1410,FANO
1411,FANS
1412,FARD
1413,FARE
1414,FARL
1415,FARM
1416,FARO
1417,FARS
1418,FART
1419,FASH
1420,FAST
1421,FATE
1422,FATS
1423,FAUN
1424,FAUR
1425,FAUT
1426,FAUX
1427,FAVA
1428,FAVE
1429,FAWN
1430,FAWS
1431,FAYS
1432,FAZE
1433,FEAL
1434,FEAR
1435,FEAT
1436,FECK
1437,FEDS
1438,FEEB
1439,FEED
1440,FEEL
1441,FEEN
1442,FEER
1443,FEES
1444,FEET
1445,FEGS
1446,FEHM
1447,FEHS
1448,FEIS
1449,FELL
1450,FELT
1451,FEME
1452,FEMS
1453,FEND
1454,FENI
1455,FENS
1456,FENT
1457,FEOD
1458,FERE
1459,FERM
1460,FERN
1461,FESS
1462,FEST
1463,FETA
1464,FETE
1465,FETS
1466,FETT
1467,FEUD
1468,FEUS
1469,FEYS
1470,FIAR
1471,FIAT
1472,FIBS
1473,FICE
1474,FICO
1475,FIDO
1476,FIDS
1477,FIEF
1478,FIER
1479,FIFE
1480,FIFI
1481,FIGO
1482,FIGS
1483,FIKE
1484,FIKY
1485,FILA
1486,FILE
1487,FILL
1488,FILM
1489,FILO
1490,FILS
1491,FIND
1492,FINE
1493,FINI
1494,FINK
1495,FINO
1496,FINS
1497,FIRE
1498,FIRK
1499,FIRM
1500,FIRN
1501,FIRS
1502,FISC
1503,FISH
1504,FISK
1505,FIST
1506,FITS
1507,FITT
1508,FIVE
1509,FIXT
1510,FIZZ
1511,FLAB
1512,FLAG
1513,FLAK
1514,FLAM
1515,FLAN
1516,FLAP
1517,FLAT
1518,FLAW
1519,FLAX
1520,FLAY
1521,FLEA
1522,FLED
1523,FLEE
1524,FLEG
1525,FLEW
1526,FLEX
1527,FLEY
1528,FLIC
1529,FLIM
1530,FLIP
1531,FLIR
1532,FLIT
1533,FLIX
1534,FLOC
1535,FLOE
1536,FLOG
1537,FLOP
1538,FLOR
1539,FLOW
1540,FLUB
1541,FLUE
1542,FLUS
1543,FLUX
1544,FOAL
1545,FOAM
1546,FOBS
1547,FOCI
1548,FOEN
1549,FOES
1550,FOGS
1551,FOGY
1552,FOHN
1553,FOHS
1554,FOID
1555,FOIL
1556,FOIN
1557,FOLD
1558,FOLK
1559,FOND
1560,FONE
1561,FONS
1562,FONT
1563,FOOD
1564,FOOL
1565,FOOT
1566,FOPS
1567,FORA
1568,FORB
1569,FORD
1570,FORE
1571,FORK
1572,FORM
1573,FORT
1574,FOSS
1575,FOUD
1576,FOUL
1577,FOUR
1578,FOUS
1579,FOWL
1580,FOXY
1581,FOYS
1582,FOZY
1583,FRAB
1584,FRAE
1585,FRAG
1586,FRAP
1587,FRAS
1588,FRAT
1589,FRAU
1590,FRAY
1591,FREE
1592,FRET
1593,FRIB
1594,FRIG
1595,FRIS
1596,FRIT
1597,FRIZ
1598,FROE
1599,FROG
1600,FROM
1601,FROS
1602,FROW
1603,FRUG
1604,FUBS
1605,FUCI
1606,FUCK
1607,FUDS
1608,FUEL
1609,FUFF
1610,FUGS
1611,FUGU
1612,FUJI
1613,FULL
1614,FUME
1615,FUMS
1616,FUMY
1617,FUND
1618,FUNG
1619,FUNK
1620,FUNS
1621,FURL
1622,FURR
1623,FURS
1624,FURY
1625,FUSC
1626,FUSE
1627,FUSS
1628,FUST
1629,FUTZ
1630,FUZE
1631,FUZZ
1632,FYCE
1633,FYKE
1634,FYLE
1635,FYRD
1636,GABS
1637,GABY
1638,GADE
1639,GADI
1640,GADS
1641,GAED
1642,GAEN
1643,GAES
1644,GAFF
1645,GAGA
1646,GAGE
1647,GAGS
1648,GAID
1649,GAIN
1650,GAIR
1651,GAIT
1652,GAJO
1653,GALA
1654,GALE
1655,GALL
1656,GALS
1657,GAMA
1658,GAMB
1659,GAME
1660,GAMP
1661,GAMS
1662,GAMY
1663,GANE
1664,GANG
1665,GANS
1666,GANT
1667,GAOL
1668,GAPE
1669,GAPO
1670,GAPS
1671,GAPY
1672,GARB
1673,GARE
1674,GARI
1675,GARS
1676,GART
1677,GASH
1678,GASP
1679,GAST
1680,GATE
1681,GATH
1682,GATS
1683,GAUD
1684,GAUM
1685,GAUN
1686,GAUP
1687,GAUR
1688,GAUS
1689,GAVE
1690,GAWD
1691,GAWK
1692,GAWP
1693,GAYS
1694,GAZE
1695,GAZY
1696,GEAL
1697,GEAN
1698,GEAR
1699,GEAT
1700,GECK
1701,GEDS
1702,GEED
1703,GEEK
1704,GEEP
1705,GEES
1706,GEEZ
1707,GEIT
1708,GELD
1709,GELS
1710,GELT
1711,GEMS
1712,GENA
1713,GENE
1714,GENS
1715,GENT
1716,GENU
1717,GEOS
1718,GERE
1719,GERM
1720,GERT
1721,GEST
1722,GETA
1723,GETS
1724,GEUM
1725,GHAT
1726,GHEE
1727,GHIS
1728,GIBE
1729,GIBS
1730,GIDS
1731,GIED
1732,GIEN
1733,GIES
1734,GIFT
1735,GIGA
1736,GIGS
1737,GILA
1738,GILD
1739,GILL
1740,GILT
1741,GIMP
1742,GING
1743,GINK
1744,GINN
1745,GINS
1746,GIOS
1747,GIPS
1748,GIRD
1749,GIRL
1750,GIRN
1751,GIRO
1752,GIRR
1753,GIRT
1754,GISM
1755,GIST
1756,GITE
1757,GITS
1758,GIVE
1759,GIZZ
1760,GJUS
1761,GLAD
1762,GLAM
1763,GLED
1764,GLEE
1765,GLEG
1766,GLEI
1767,GLEN
1768,GLEY
1769,GLIA
1770,GLIB
1771,GLID
1772,GLIM
1773,GLIT
1774,GLOB
1775,GLOM
1776,GLOP
1777,GLOW
1778,GLUE
1779,GLUG
1780,GLUM
1781,GLUT
1782,GNAR
1783,GNAT
1784,GNAW
1785,GNOW
1786,GNUS
1787,GOAD
1788,GOAF
1789,GOAL
1790,GOAS
1791,GOAT
1792,GOBO
1793,GOBS
1794,GOBY
1795,GODS
1796,GOEL
1797,GOER
1798,GOES
1799,GOEY
1800,GOFF
1801,GOGO
1802,GOLD
1803,GOLE
1804,GOLF
1805,GOLP
1806,GONE
1807,GONG
1808,GONK
1809,GONS
1810,GOOD
1811,GOOF
1812,GOOG
1813,GOOK
1814,GOOL
1815,GOON
1816,GOOP
1817,GOOR
1818,GOOS
1819,GORA
1820,GORE
1821,GORI
1822,GORM
1823,GORP
1824,GORY
1825,GOSH
1826,GOSS
1827,GOTH
1828,GOUK
1829,GOUT
1830,GOVS
1831,GOWD
1832,GOWF
1833,GOWK
1834,GOWL
1835,GOWN
1836,GOYS
1837,GRAB
1838,GRAD
1839,GRAM
1840,GRAN
1841,GRAT
1842,GRAV
1843,GRAY
1844,GREE
1845,GREN
1846,GREW
1847,GREX
1848,GREY
1849,GRID
1850,GRIG
1851,GRIM
1852,GRIN
1853,GRIP
1854,GRIS
1855,GRIT
1856,GROG
1857,GROK
1858,GROT
1859,GROW
1860,GRUB
1861,GRUE
1862,GRUM
1863,GUAN
1864,GUAR
1865,GUBS
1866,GUCK
1867,GUDE
1868,GUES
1869,GUFF
1870,GUGA
1871,GUID
1872,GULA
1873,GULE
1874,GULF
1875,GULL
1876,GULP
1877,GULS
1878,GULY
1879,GUMP
1880,GUMS
1881,GUNG
1882,GUNK
1883,GUNS
1884,GUPS
1885,GURL
1886,GURN
1887,GURS
1888,GURU
1889,GUSH
1890,GUST
1891,GUTS
1892,GUVS
1893,GUYS
1894,GYAL
1895,GYBE
1896,GYMP
1897,GYMS
1898,GYNY
1899,GYPS
1900,GYRE
1901,GYRI
1902,GYRO
1903,GYTE
1904,GYVE
1905,HAAF
1906,HAAR
1907,HABU
1908,HACK
1909,HADE
1910,HADJ
1911,HADS
1912,HAED
1913,HAEM
1914,HAEN
1915,HAES
1916,HAET
1917,HAFF
1918,HAFT
1919,HAGG
1920,HAGS
1921,HAHA
1922,HAHS
1923,HAIK
1924,HAIL
1925,HAIN
1926,HAIR
1927,HAJI
1928,HAJJ
1929,HAKA
1930,HAKE
1931,HAKU
1932,HALE
1933,HALF
1934,HALL
1935,HALM
1936,HALO
1937,HALT
1938,HAME
1939,HAMS
1940,HAND
1941,HANG
1942,HANK
1943,HANT
1944,HAPS
1945,HAPU
1946,HARD
1947,HARE
1948,HARK
1949,HARL
1950,HARM
1951,HARN
1952,HARO
1953,HARP
1954,HART
1955,HASH
1956,HASK
1957,HASP
1958,HAST
1959,HATE
1960,HATH
1961,HATS
1962,HAUD
1963,HAUF
1964,HAUL
1965,HAUT
1966,HAVE
1967,HAWK
1968,HAWM
1969,HAWS
1970,HAYS
1971,HAZE
1972,HAZY
1973,HEAD
1974,HEAL
1975,HEAP
1976,HEAR
1977,HEAT
1978,HEBE
1979,HECH
1980,HECK
1981,HEED
1982,HEEL
1983,HEFT
1984,HEHS
1985,HEID
1986,HEIL
1987,HEIR
1988,HELD
1989,HELE
1990,HELL
1991,HELM
1992,HELO
1993,HELP
1994,HEME
1995,HEMP
1996,HEMS
1997,HEND
1998,HENS
1999,HENT
2000,HEPS
2001,HEPT
2002,HERB
2003,HERD
2004,HERE
2005,HERL
2006,HERM
2007,HERN
2008,HERO
2009,HERS
2010,HERY
2011,HESP
2012,HEST
2013,HETE
2014,HETH
2015,HETS
2016,HEWN
2017,HEWS
2018,HEYS
2019,HICK
2020,HIDE
2021,HIED
2022,HIES
2023,HIGH
2024,HIKE
2025,HILA
2026,HILD
2027,HILI
2028,HILL
2029,HILT
2030,HIMS
2031,HIND
2032,HING
2033,HINS
2034,HINT
2035,HIOI
2036,HIPS
2037,HIPT
2038,HIRE
2039,HISH
2040,HISN
2041,HISS
2042,HIST
2043,HITS
2044,HIVE
2045,HIYA
2046,HIZZ
2047,HOAR
2048,HOAS
2049,HOAX
2050,HOBO
2051,HOBS
2052,HOCK
2053,HODS
2054,HOED
2055,HOER
2056,HOES
2057,HOGG
2058,HOGH
2059,HOGS
2060,HOHA
2061,HOHS
2062,HOIK
2063,HOKA
2064,HOKE
2065,HOKI
2066,HOLD
2067,HOLE
2068,HOLK
2069,HOLM
2070,HOLP
2071,HOLS
2072,HOLT
2073,HOLY
2074,HOMA
2075,HOME
2076,HOMO
2077,HOMS
2078,HOMY
2079,HOND
2080,HONE
2081,HONG
2082,HONK
2083,HONS
2084,HOOD
2085,HOOF
2086,HOOK
2087,HOON
2088,HOOP
2089,HOOT
2090,HOPE
2091,HOPS
2092,HORA
2093,HORE
2094,HORI
2095,HORN
2096,HORS
2097,HOSE
2098,HOSS
2099,HOST
2100,HOTE
2101,HOTS
2102,HOUF
2103,HOUR
2104,HOUT
2105,HOVE
2106,HOWE
2107,HOWF
2108,HOWK
2109,HOWL
2110,HOWS
2111,HOYA
2112,HOYS
2113,HUBS
2114,HUCK
2115,HUED
2116,HUER
2117,HUES
2118,HUFF
2119,HUGE
2120,HUGS
2121,HUGY
2122,HUHU
2123,HUIA
2124,HUIC
2125,HUIS
2126,HULA
2127,HULE
2128,HULK
2129,HULL
2130,HUMA
2131,HUMF
2132,HUMP
2133,HUMS
2134,HUNG
2135,HUNH
2136,HUNK
2137,HUNS
2138,HUNT
2139,HUPS
2140,HURL
2141,HURT
2142,HUSH
2143,HUSK
2144,HUSO
2145,HUSS
2146,HUTS
2147,HWAN
2148,HWYL
2149,HYED
2150,HYEN
2151,HYES
2152,HYKE
2153,HYLA
2154,HYLE
2155,HYMN
2156,HYPE
2157,HYPO
2158,HYPS
2159,HYTE
2160,IAMB
2161,IBEX
2162,IBIS
2163,ICED
2164,ICER
2165,ICES
2166,ICHS
2167,ICKY
2168,ICON
2169,IDEA
2170,IDEE
2171,IDEM
2172,IDES
2173,IDLE
2174,IDLY
2175,IDOL
2176,IDYL
2177,IFFY
2178,IGAD
2179,IGGS
2180,IGLU
2181,IKAN
2182,IKAT
2183,IKON
2184,ILEA
2185,ILEX
2186,ILIA
2187,ILKA
2188,ILKS
2189,ILLS
2190,ILLY
2191,IMAM
2192,IMID
2193,IMMY
2194,IMPI
2195,IMPS
2196,INBY
2197,INCH
2198,INFO
2199,INGO
2200,INIA
2201,INKS
2202,INKY
2203,INLY
2204,INNS
2205,INRO
2206,INTI
2207,INTO
2208,IONS
2209,IOTA
2210,IRED
2211,IRES
2212,IRID
2213,IRIS
2214,IRKS
2215,IRON
2216,ISBA
2217,ISIT
2218,ISLE
2219,ISMS
2220,ISNA
2221,ISOS
2222,ITAS
2223,ITCH
2224,ITEM
2225,IURE
2226,IWIS
2227,IXIA
2228,IZAR
2229,JAAP
2230,JABS
2231,JACK
2232,JADE
2233,JAFA
2234,JAGA
2235,JAGG
2236,JAGS
2237,JAIL
2238,JAKE
2239,JAKS
2240,JAMB
2241,JAMS
2242,JANE
2243,JANN
2244,JAPE
2245,JAPS
2246,JARK
2247,JARL
2248,JARP
2249,JARS
2250,JASP
2251,JASS
2252,JASY
2253,JATO
2254,JAUK
2255,JAUP
2256,JAVA
2257,JAWS
2258,JAXY
2259,JAYS
2260,JAZY
2261,JAZZ
2262,JEAN
2263,JEAT
2264,JEDI
2265,JEED
2266,JEEL
2267,JEEP
2268,JEER
2269,JEES
2270,JEEZ
2271,JEFE
2272,JEFF
2273,JEHU
2274,JELL
2275,JEON
2276,JERK
2277,JESS
2278,JEST
2279,JETE
2280,JETS
2281,JEUX
2282,JEWS
2283,JIAO
2284,JIBB
2285,JIBE
2286,JIBS
2287,JIFF
2288,JIGS
2289,JILL
2290,JILT
2291,JIMP
2292,JINK
2293,JINN
2294,JINS
2295,JINX
2296,JIRD
2297,JISM
2298,JIVE
2299,JIVY
2300,JIZZ
2301,JOBE
2302,JOBS
2303,JOCK
2304,JOCO
2305,JOES
2306,JOEY
2307,JOGS
2308,JOHN
2309,JOIN
2310,JOKE
2311,JOKY
2312,JOLE
2313,JOLL
2314,JOLS
2315,JOLT
2316,JOMO
2317,JONG
2318,JOOK
2319,JORS
2320,JOSH
2321,JOSS
2322,JOTA
2323,JOTS
2324,JOUK
2325,JOUR
2326,JOWL
2327,JOWS
2328,JOYS
2329,JUBA
2330,JUBE
2331,JUCO
2332,JUDO
2333,JUDS
2334,JUDY
2335,JUGA
2336,JUGS
2337,JUJU
2338,JUKE
2339,JUKU
2340,JUMP
2341,JUNK
2342,JUPE
2343,JURA
2344,JURE
2345,JURY
2346,JUST
2347,JUTE
2348,JUTS
2349,JUVE
2350,JYNX
2351,KAAL
2352,KAAS
2353,KABS
2354,KADE
2355,KADI
2356,KAED
2357,KAES
2358,KAFS
2359,KAGO
2360,KAGU
2361,KAID
2362,KAIE
2363,KAIF
2364,KAIK
2365,KAIL
2366,KAIM
2367,KAIN
2368,KAIS
2369,KAKA
2370,KAKI
2371,KAKS
2372,KALE
2373,KALI
2374,KAMA
2375,KAME
2376,KAMI
2377,KANA
2378,KANE
2379,KANG
2380,KANS
2381,KANT
2382,KAON
2383,KAPA
2384,KAPH
2385,KARA
2386,KARK
2387,KARN
2388,KARO
2389,KART
2390,KATA
2391,KATI
2392,KATS
2393,KAVA
2394,KAWA
2395,KAWS
2396,KAYO
2397,KAYS
2398,KAZI
2399,KBAR
2400,KEAS
2401,KEBS
2402,KECK
2403,KEDS
2404,KEEF
2405,KEEK
2406,KEEL
2407,KEEN
2408,KEEP
2409,KEET
2410,KEFS
2411,KEGS
2412,KEIR
2413,KEKS
2414,KELL
2415,KELP
2416,KELT
2417,KEMB
2418,KEMP
2419,KENO
2420,KENS
2421,KENT
2422,KEPI
2423,KEPS
2424,KEPT
2425,KERB
2426,KERF
2427,KERN
2428,KERO
2429,KESH
2430,KEST
2431,KETA
2432,KETE
2433,KETO
2434,KETS
2435,KEWL
2436,KEYS
2437,KHAF
2438,KHAN
2439,KHAT
2440,KHET
2441,KHIS
2442,KHOR
2443,KHUD
2444,KIBE
2445,KICK
2446,KIDS
2447,KIEF
2448,KIER
2449,KIFF
2450,KIFS
2451,KIKE
2452,KILD
2453,KILL
2454,KILN
2455,KILO
2456,KILP
2457,KILT
2458,KINA
2459,KIND
2460,KINE
2461,KING
2462,KINK
2463,KINO
2464,KINS
2465,KIPE
2466,KIPP
2467,KIPS
2468,KIRK
2469,KIRN
2470,KIRS
2471,KISH
2472,KISS
2473,KIST
2474,KITE
2475,KITH
2476,KITS
2477,KIVA
2478,KIWI
2479,KLAP
2480,KLIK
2481,KNAG
2482,KNAP
2483,KNAR
2484,KNEE
2485,KNEW
2486,KNIT
2487,KNOB
2488,KNOP
2489,KNOT
2490,KNOW
2491,KNUB
2492,KNUR
2493,KNUT
2494,KOAN
2495,KOAP
2496,KOAS
2497,KOBO
2498,KOBS
2499,KOEL
2500,KOFF
2501,KOHA
2502,KOHL
2503,KOIS
2504,KOJI
2505,KOLA
2506,KOLO
2507,KOND
2508,KONK
2509,KONS
2510,KOOK
2511,KOPH
2512,KOPS
2513,KORA
2514,KORE
2515,KORO
2516,KORS
2517,KORU
2518,KOSS
2519,KOTO
2520,KOWS
2521,KRAB
2522,KRIS
2523,KSAR
2524,KUDO
2525,KUDU
2526,KUEH
2527,KUES
2528,KUFI
2529,KUIA
2530,KUKU
2531,KULA
2532,KUNA
2533,KUNE
2534,KURI
2535,KURU
2536,KUTA
2537,KUTI
2538,KUTU
2539,KUZU
2540,KVAS
2541,KYAK
2542,KYAR
2543,KYAT
2544,KYBO
2545,KYES
2546,KYLE
2547,KYND
2548,KYNE
2549,KYPE
2550,KYTE
2551,KYUS
2552,LABS
2553,LACE
2554,LACK
2555,LACS
2556,LACY
2557,LADE
2558,LADS
2559,LADY
2560,LAER
2561,LAGS
2562,LAHS
2563,LAIC
2564,LAID
2565,LAIK
2566,LAIN
2567,LAIR
2568,LAKE
2569,LAKH
2570,LAKY
2571,LALL
2572,LAMA
2573,LAMB
2574,LAME
2575,LAMP
2576,LAMS
2577,LANA
2578,LAND
2579,LANE
2580,LANG
2581,LANK
2582,LANT
2583,LANX
2584,LAPS
2585,LARD
2586,LARE
2587,LARI
2588,LARK
2589,LARN
2590,LARS
2591,LASE
2592,LASH
2593,LASS
2594,LAST
2595,LATE
2596,LATH
2597,LATI
2598,LATS
2599,LATU
2600,LAUD
2601,LAUF
2602,LAVA
2603,LAVE
2604,LAVS
2605,LAWK
2606,LAWN
2607,LAWS
2608,LAYS
2609,LAZE
2610,LAZO
2611,LAZY
2612,LEAD
2613,LEAF
2614,LEAK
2615,LEAL
2616,LEAM
2617,LEAN
2618,LEAP
2619,LEAR
2620,LEAS
2621,LEAT
2622,LECH
2623,LEED
2624,LEEK
2625,LEEP
2626,LEER
2627,LEES
2628,LEET
2629,LEFT
2630,LEGS
2631,LEHR
2632,LEIR
2633,LEIS
2634,LEKE
2635,LEKS
2636,LEKU
2637,LEME
2638,LEND
2639,LENG
2640,LENO
2641,LENS
2642,LENT
2643,LEPS
2644,LEPT
2645,LERE
2646,LERP
2647,LESS
2648,LEST
2649,LETS
2650,LEUD
2651,LEVA
2652,LEVE
2653,LEVO
2654,LEVY
2655,LEWD
2656,LEYS
2657,LEZZ
2658,LIAR
2659,LIAS
2660,LIBS
2661,LICE
2662,LICH
2663,LICK
2664,LIDO
2665,LIDS
2666,LIED
2667,LIEF
2668,LIEN
2669,LIER
2670,LIES
2671,LIEU
2672,LIFE
2673,LIFT
2674,LIGS
2675,LIKE
2676,LILL
2677,LILO
2678,LILT
2679,LILY
2680,LIMA
2681,LIMB
2682,LIME
2683,LIMN
2684,LIMO
2685,LIMP
2686,LIMY
2687,LIND
2688,LINE
2689,LING
2690,LINK
2691,LINN
2692,LINO
2693,LINS
2694,LINT
2695,LINY
2696,LION
2697,LIPA
2698,LIPE
2699,LIPO
2700,LIPS
2701,LIRA
2702,LIRE
2703,LIRI
2704,LIRK
2705,LISK
2706,LISP
2707,LIST
2708,LITE
2709,LITH
2710,LITS
2711,LITU
2712,LIVE
2713,LOAD
2714,LOAF
2715,LOAM
2716,LOAN
2717,LOBE
2718,LOBI
2719,LOBO
2720,LOBS
2721,LOCA
2722,LOCH
2723,LOCI
2724,LOCK
2725,LOCO
2726,LODE
2727,LODS
2728,LOFT
2729,LOGE
2730,LOGO
2731,LOGS
2732,LOGY
2733,LOID
2734,LOIN
2735,LOIR
2736,LOKE
2737,LOLL
2738,LOMA
2739,LOME
2740,LONE
2741,LONG
2742,LOOF
2743,LOOK
2744,LOOM
2745,LOON
2746,LOOP
2747,LOOR
2748,LOOS
2749,LOOT
2750,LOPE
2751,LOPS
2752,LORD
2753,LORE
2754,LORN
2755,LORY
2756,LOSE
2757,LOSH
2758,LOSS
2759,LOST
2760,LOTA
2761,LOTE
2762,LOTH
2763,LOTI
2764,LOTO
2765,LOTS
2766,LOUD
2767,LOUN
2768,LOUP
2769,LOUR
2770,LOUS
2771,LOUT
2772,LOVE
2773,LOWE
2774,LOWN
2775,LOWP
2776,LOWS
2777,LOWT
2778,LOYS
2779,LUAU
2780,LUBE
2781,LUCE
2782,LUCK
2783,LUDE
2784,LUDO
2785,LUDS
2786,LUES
2787,LUFF
2788,LUGE
2789,LUGS
2790,LUIT
2791,LUKE
2792,LULL
2793,LULU
2794,LUMA
2795,LUMP
2796,LUMS
2797,LUNA
2798,LUNE
2799,LUNG
2800,LUNK
2801,LUNT
2802,LUNY
2803,LURE
2804,LURK
2805,LURS
2806,LUSH
2807,LUSK
2808,LUST
2809,LUTE
2810,LUTZ
2811,LUVS
2812,LUXE
2813,LWEI
2814,LYAM
2815,LYCH
2816,LYES
2817,LYME
2818,LYMS
2819,LYNE
2820,LYNX
2821,LYRA
2822,LYRE
2823,LYSE
2824,LYTE
2825,MAAR
2826,MAAS
2827,MABE
2828,MACE
2829,MACH
2830,MACK
2831,MACS
2832,MADE
2833,MADS
2834,MAES
2835,MAGE
2836,MAGG
2837,MAGI
2838,MAGS
2839,MAID
2840,MAIK
2841,MAIL
2842,MAIM
2843,MAIN
2844,MAIR
2845,MAKE
2846,MAKI
2847,MAKO
2848,MAKS
2849,MALA
2850,MALE
2851,MALI
2852,MALL
2853,MALM
2854,MALS
2855,MALT
2856,MAMA
2857,MAMS
2858,MANA
2859,MAND
2860,MANE
2861,MANG
2862,MANI
2863,MANO
2864,MANS
2865,MANY
2866,MAPS
2867,MARA
2868,MARC
2869,MARD
2870,MARE
2871,MARG
2872,MARK
2873,MARL
2874,MARM
2875,MARS
2876,MART
2877,MARY
2878,MASA
2879,MASE
2880,MASH
2881,MASK
2882,MASS
2883,MAST
2884,MASU
2885,MATE
2886,MATH
2887,MATS
2888,MATT
2889,MATY
2890,MAUD
2891,MAUL
2892,MAUN
2893,MAUT
2894,MAWK
2895,MAWN
2896,MAWR
2897,MAWS
2898,MAXI
2899,MAYA
2900,MAYO
2901,MAYS
2902,MAZE
2903,MAZY
2904,MEAD
2905,MEAL
2906,MEAN
2907,MEAT
2908,MECK
2909,MEDS
2910,MEED
2911,MEEK
2912,MEER
2913,MEES
2914,MEET
2915,MEFF
2916,MEGA
2917,MEGS
2918,MEIN
2919,MELA
2920,MELD
2921,MELL
2922,MELS
2923,MELT
2924,MEME
2925,MEMO
2926,MEMS
2927,MEND
2928,MENE
2929,MENG
2930,MENO
2931,MENT
2932,MENU
2933,MEOU
2934,MEOW
2935,MERC
2936,MERE
2937,MERI
2938,MERK
2939,MERL
2940,MESA
2941,MESE
2942,MESH
2943,MESS
2944,META
2945,METE
2946,METH
2947,METS
2948,MEUS
2949,MEVE
2950,MEWL
2951,MEWS
2952,MEZE
2953,MEZZ
2954,MHOS
2955,MIBS
2956,MICA
2957,MICE
2958,MICH
2959,MICK
2960,MICO
2961,MICS
2962,MIDI
2963,MIDS
2964,MIEN
2965,MIFF
2966,MIGG
2967,MIGS
2968,MIHA
2969,MIHI
2970,MIKE
2971,MILD
2972,MILE
2973,MILK
2974,MILL
2975,MILO
2976,MILS
2977,MILT
2978,MIME
2979,MINA
2980,MIND
2981,MINE
2982,MING
2983,MINI
2984,MINK
2985,MINO
2986,MINT
2987,MINX
2988,MINY
2989,MIPS
2990,MIRE
2991,MIRI
2992,MIRK
2993,MIRO
2994,MIRS
2995,MIRV
2996,MIRY
2997,MISE
2998,MISO
2999,MISS
3000,MIST
3001,MITE
3002,MITT
3003,MITY
3004,MIXT
3005,MIXY
3006,MIZZ
3007,MNAS
3008,MOAI
3009,MOAN
3010,MOAS
3011,MOAT
3012,MOBE
3013,MOBS
3014,MOBY
3015,MOCH
3016,MOCK
3017,MOCS
3018,MODE
3019,MODI
3020,MODS
3021,MOER
3022,MOES
3023,MOFO
3024,MOGS
3025,MOHR
3026,MOIL
3027,MOIT
3028,MOJO
3029,MOKE
3030,MOKI
3031,MOKO
3032,MOLA
3033,MOLD
3034,MOLE
3035,MOLL
3036,MOLS
3037,MOLT
3038,MOLY
3039,MOME
3040,MOMI
3041,MOMS
3042,MONA
3043,MONG
3044,MONK
3045,MONO
3046,MONS
3047,MONY
3048,MOOD
3049,MOOI
3050,MOOK
3051,MOOL
3052,MOON
3053,MOOP
3054,MOOR
3055,MOOS
3056,MOOT
3057,MOPE
3058,MOPS
3059,MOPY
3060,MORA
3061,MORE
3062,MORN
3063,MORS
3064,MORT
3065,MOSE
3066,MOSH
3067,MOSK
3068,MOSS
3069,MOST
3070,MOTE
3071,MOTH
3072,MOTI
3073,MOTS
3074,MOTT
3075,MOTU
3076,MOUE
3077,MOUP
3078,MOUS
3079,MOVE
3080,MOWA
3081,MOWN
3082,MOWS
3083,MOXA
3084,MOYA
3085,MOYL
3086,MOYS
3087,MOZE
3088,MOZO
3089,MOZZ
3090,MUCH
3091,MUCK
3092,MUDS
3093,MUFF
3094,MUGG
3095,MUGS
3096,MUID
3097,MUIL
3098,MUIR
3099,MULE
3100,MULL
3101,MUMM
3102,MUMP
3103,MUMS
3104,MUMU
3105,MUNG
3106,MUNI
3107,MUNS
3108,MUNT
3109,MUON
3110,MURA
3111,MURE
3112,MURK
3113,MURL
3114,MURR
3115,MUSE
3116,MUSH
3117,MUSK
3118,MUSO
3119,MUSS
3120,MUST
3121,MUTE
3122,MUTI
3123,MUTS
3124,MUTT
3125,MUZZ
3126,MYAL
3127,MYCS
3128,MYNA
3129,MYTH
3130,MYXO
3131,MZEE
3132,NAAM
3133,NAAN
3134,NABE
3135,NABK
3136,NABS
3137,NACH
3138,NADA
3139,NADS
3140,NAFF
3141,NAGA
3142,NAGS
3143,NAIF
3144,NAIK
3145,NAIL
3146,NAIN
3147,NALA
3148,NAME
3149,NAMS
3150,NAMU
3151,NANA
3152,NANE
3153,NANS
3154,NAOI
3155,NAOS
3156,NAPA
3157,NAPE
3158,NAPS
3159,NARC
3160,NARD
3161,NARE
3162,NARK
3163,NARY
3164,NATS
3165,NAVE
3166,NAVY
3167,NAYS
3168,NAZE
3169,NAZI
3170,NEAL
3171,NEAP
3172,NEAR
3173,NEAT
3174,NEBS
3175,NECK
3176,NEDS
3177,NEED
3178,NEEM
3179,NEEP
3180,NEFS
3181,NEGS
3182,NEIF
3183,NEKS
3184,NEMA
3185,NEMN
3186,NENE
3187,NEON
3188,NEPS
3189,NERD
3190,NERK
3191,NESH
3192,NESS
3193,NEST
3194,NETE
3195,NETS
3196,NETT
3197,NEUK
3198,NEUM
3199,NEVE
3200,NEVI
3201,NEWS
3202,NEWT
3203,NEXT
3204,NIBS
3205,NICE
3206,NICK
3207,NIDE
3208,NIDI
3209,NIDS
3210,NIED
3211,NIEF
3212,NIES
3213,NIFE
3214,NIFF
3215,NIGH
3216,NILL
3217,NILS
3218,NIMB
3219,NIMS
3220,NINE
3221,NIPA
3222,NIPS
3223,NIRL
3224,NISH
3225,NISI
3226,NITE
3227,NITS
3228,NIXE
3229,NIXY
3230,NOAH
3231,NOBS
3232,NOCK
3233,NODE
3234,NODI
3235,NODS
3236,NOEL
3237,NOES
3238,NOGG
3239,NOGS
3240,NOIL
3241,NOIR
3242,NOLE
3243,NOLL
3244,NOLO
3245,NOMA
3246,NOME
3247,NOMS
3248,NONA
3249,NONE
3250,NONG
3251,NONI
3252,NOOK
3253,NOON
3254,NOOP
3255,NOPE
3256,NORI
3257,NORK
3258,NORM
3259,NOSE
3260,NOSH
3261,NOSY
3262,NOTA
3263,NOTE
3264,NOTT
3265,NOUL
3266,NOUN
3267,NOUP
3268,NOUS
3269,NOUT
3270,NOVA
3271,NOWL
3272,NOWN
3273,NOWS
3274,NOWT
3275,NOWY
3276,NOYS
3277,NUBS
3278,NUDE
3279,NUFF
3280,NUKE
3281,NUMB
3282,NUNS
3283,NURD
3284,NURL
3285,NURR
3286,NURS
3287,NUTS
3288,NYAS
3289,NYED
3290,NYES
3291,OAFS
3292,OAKS
3293,OAKY
3294,OARS
3295,OARY
3296,OAST
3297,OATH
3298,OATS
3299,OBAS
3300,OBES
3301,OBEY
3302,OBIA
3303,OBIS
3304,OBIT
3305,OBOE
3306,OBOL
3307,OBOS
3308,OCAS
3309,OCCY
3310,OCHE
3311,OCTA
3312,ODAH
3313,ODAL
3314,ODAS
3315,ODDS
3316,ODEA
3317,ODES
3318,ODIC
3319,ODOR
3320,ODSO
3321,ODYL
3322,OFAY
3323,OFFS
3324,OGAM
3325,OGEE
3326,OGLE
3327,OGRE
3328,OHED
3329,OHIA
3330,OHMS
3331,OHOS
3332,OIKS
3333,OILS
3334,OILY
3335,OINK
3336,OINT
3337,OKAS
3338,OKAY
3339,OKEH
3340,OKES
3341,OKRA
3342,OKTA
3343,OLDS
3344,OLDY
3345,OLEA
3346,OLEO
3347,OLES
3348,OLID
3349,OLIO
3350,OLLA
3351,OLMS
3352,OLPE
3353,OMBU
3354,OMEN
3355,OMER
3356,OMIT
3357,OMOV
3358,ONCE
3359,ONER
3360,ONES
3361,ONIE
3362,ONLY
3363,ONOS
3364,ONST
3365,ONTO
3366,ONUS
3367,ONYX
3368,OOFS
3369,OOFY
3370,OOHS
3371,OOMS
3372,OONS
3373,OONT
3374,OOPS
3375,OOSE
3376,OOSY
3377,OOTS
3378,OOZE
3379,OOZY
3380,OPAH
3381,OPAL
3382,OPED
3383,OPEN
3384,OPES
3385,OPPO
3386,OPTS
3387,OPUS
3388,ORAD
3389,ORAL
3390,ORBS
3391,ORBY
3392,ORCA
3393,ORCS
3394,ORDO
3395,ORDS
3396,ORES
3397,ORFE
3398,ORFS
3399,ORGY
3400,ORLE
3401,ORRA
3402,ORTS
3403,ORYX
3404,ORZO
3405,OSAR
3406,OSES
3407,OSSA
3408,OTIC
3409,OTTO
3410,OUCH
3411,OUDS
3412,OUKS
3413,OULD
3414,OULK
3415,OUMA
3416,OUPA
3417,OUPH
3418,OUPS
3419,OURN
3420,OURS
3421,OUST
3422,OUTS
3423,OUZO
3424,OVAL
3425,OVEL
3426,OVEN
3427,OVER
3428,OVUM
3429,OWED
3430,OWER
3431,OWES
3432,OWLS
3433,OWLY
3434,OWNS
3435,OWRE
3436,OWSE
3437,OWTS
3438,OXEN
3439,OXER
3440,OXES
3441,OXID
3442,OXIM
3443,OYER
3444,OYES
3445,OYEZ
3446,PAAL
3447,PACA
3448,PACE
3449,PACK
3450,PACO
3451,PACS
3452,PACT
3453,PACY
3454,PADI
3455,PADS
3456,PAGE
3457,PAHS
3458,PAID
3459,PAIK
3460,PAIL
3461,PAIN
3462,PAIR
3463,PAIS
3464,PALE
3465,PALL
3466,PALM
3467,PALP
3468,PALS
3469,PALY
3470,PAMS
3471,PAND
3472,PANE
3473,PANG
3474,PANS
3475,PANT
3476,PAPA
3477,PAPE
3478,PAPS
3479,PARA
3480,PARD
3481,PARE
3482,PARK
3483,PARP
3484,PARR
3485,PARS
3486,PART
3487,PASE
3488,PASH
3489,PASS
3490,PAST
3491,PATE
3492,PATH
3493,PATS
3494,PATU
3495,PATY
3496,PAUA
3497,PAUL
3498,PAVE
3499,PAVS
3500,PAWA
3501,PAWK
3502,PAWL
3503,PAWN
3504,PAWS
3505,PAYS
3506,PEAG
3507,PEAK
3508,PEAL
3509,PEAN
3510,PEAR
3511,PEAS
3512,PEAT
3513,PEBA
3514,PECH
3515,PECK
3516,PECS
3517,PEDS
3518,PEED
3519,PEEK
3520,PEEL
3521,PEEN
3522,PEEP
3523,PEER
3524,PEES
3525,PEGH
3526,PEGS
3527,PEHS
3528,PEIN
3529,PEKE
3530,PELA
3531,PELE
3532,PELF
3533,PELL
3534,PELT
3535,PEND
3536,PENE
3537,PENI
3538,PENK
3539,PENS
3540,PENT
3541,PEON
3542,PEPO
3543,PEPS
3544,PERE
3545,PERI
3546,PERK
3547,PERM
3548,PERN
3549,PERP
3550,PERT
3551,PERV
3552,PESO
3553,PEST
3554,PETS
3555,PEWS
3556,PFFT
3557,PFUI
3558,PHAT
3559,PHEW
3560,PHIS
3561,PHIZ
3562,PHOH
3563,PHON
3564,PHOS
3565,PHOT
3566,PHUT
3567,PIAL
3568,PIAN
3569,PIAS
3570,PICA
3571,PICE
3572,PICK
3573,PICS
3574,PIED
3575,PIER
3576,PIES
3577,PIET
3578,PIGS
3579,PIKA
3580,PIKE
3581,PIKI
3582,PILA
3583,PILE
3584,PILI
3585,PILL
3586,PILY
3587,PIMA
3588,PIMP
3589,PINA
3590,PINE
3591,PING
3592,PINK
3593,PINS
3594,PINT
3595,PINY
3596,PION
3597,PIOY
3598,PIPA
3599,PIPE
3600,PIPI
3601,PIPS
3602,PIPY
3603,PIRL
3604,PIRN
3605,PIRS
3606,PISE
3607,PISH
3608,PISO
3609,PISS
3610,PITA
3611,PITH
3612,PITS
3613,PITY
3614,PIUM
3615,PIXY
3616,PIZE
3617,PLAN
3618,PLAP
3619,PLAT
3620,PLAY
3621,PLEA
3622,PLEB
3623,PLED
3624,PLEW
3625,PLEX
3626,PLIE
3627,PLIM
3628,PLOD
3629,PLOP
3630,PLOT
3631,PLOW
3632,PLOY
3633,PLUE
3634,PLUG
3635,PLUM
3636,PLUS
3637,POAS
3638,POCK
3639,POCO
3640,PODS
3641,POEM
3642,POEP
3643,POET
3644,POGO
3645,POGY
3646,POIS
3647,POKE
3648,POKY
3649,POLE
3650,POLK
3651,POLL
3652,POLO
3653,POLS
3654,POLT
3655,POLY
3656,POME
3657,POMO
3658,POMP
3659,POMS
3660,POND
3661,PONE
3662,PONG
3663,PONK
3664,PONS
3665,PONT
3666,PONY
3667,POOD
3668,POOF
3669,POOH
3670,POOK
3671,POOL
3672,POON
3673,POOP
3674,POOR
3675,POOS
3676,POOT
3677,POPE
3678,POPS
3679,PORE
3680,PORK
3681,PORN
3682,PORT
3683,PORY
3684,POSE
3685,POSH
3686,POSS
3687,POST
3688,POSY
3689,POTE
3690,POTS
3691,POTT
3692,POUF
3693,POUK
3694,POUR
3695,POUT
3696,POWN
3697,POWS
3698,POXY
3699,POZZ
3700,PRAD
3701,PRAM
3702,PRAO
3703,PRAT
3704,PRAU
3705,PRAY
3706,PREE
3707,PREM
3708,PREP
3709,PREX
3710,PREY
3711,PREZ
3712,PRIG
3713,PRIM
3714,PROA
3715,PROB
3716,PROD
3717,PROF
3718,PROG
3719,PROM
3720,PROO
3721,PROP
3722,PROS
3723,PROW
3724,PRUH
3725,PRYS
3726,PSIS
3727,PSST
3728,PTUI
3729,PUBE
3730,PUBS
3731,PUCE
3732,PUCK
3733,PUDS
3734,PUDU
3735,PUER
3736,PUFF
3737,PUGH
3738,PUGS
3739,PUHA
3740,PUIR
3741,PUJA
3742,PUKA
3743,PUKE
3744,PUKU
3745,PULA
3746,PULE
3747,PULI
3748,PULK
3749,PULL
3750,PULP
3751,PULS
3752,PULU
3753,PULY
3754,PUMA
3755,PUMP
3756,PUMY
3757,PUNA
3758,PUNG
3759,PUNK
3760,PUNS
3761,PUNT
3762,PUNY
3763,PUPA
3764,PUPS
3765,PUPU
3766,PURE
3767,PURI
3768,PURL
3769,PURR
3770,PURS
3771,PUSH
3772,PUSS
3773,PUTS
3774,PUTT
3775,PUTZ
3776,PUYS
3777,PYAS
3778,PYAT
3779,PYES
3780,PYET
3781,PYIC
3782,PYIN
3783,PYNE
3784,PYOT
3785,PYRE
3786,PYRO
3787,QADI
3788,QAID
3789,QATS
3790,QOPH
3791,QUAD
3792,QUAG
3793,QUAI
3794,QUAT
3795,QUAY
3796,QUEP
3797,QUEY
3798,QUID
3799,QUIM
3800,QUIN
3801,QUIP
3802,QUIT
3803,QUIZ
3804,QUOD
3805,QUOP
3806,RABI
3807,RACA
3808,RACE
3809,RACH
3810,RACK
3811,RACY
3812,RADE
3813,RADS
3814,RAFF
3815,RAFT
3816,RAGA
3817,RAGE
3818,RAGG
3819,RAGI
3820,RAGS
3821,RAHS
3822,RAIA
3823,RAID
3824,RAIK
3825,RAIL
3826,RAIN
3827,RAIS
3828,RAIT
3829,RAJA
3830,RAKE
3831,RAKI
3832,RAKU
3833,RALE
3834,RAMI
3835,RAMP
3836,RAMS
3837,RANA
3838,RAND
3839,RANG
3840,RANI
3841,RANK
3842,RANT
3843,RAPE
3844,RAPS
3845,RAPT
3846,RARE
3847,RARK
3848,RASE
3849,RASH
3850,RASP
3851,RAST
3852,RATA
3853,RATE
3854,RATH
3855,RATO
3856,RATS
3857,RATU
3858,RAUN
3859,RAVE
3860,RAWN
3861,RAWS
3862,RAYA
3863,RAYS
3864,RAZE
3865,RAZZ
3866,READ
3867,REAK
3868,REAL
3869,REAM
3870,REAN
3871,REAP
3872,REAR
3873,REBS
3874,RECK
3875,RECS
3876,REDD
3877,REDE
3878,REDO
3879,REDS
3880,REED
3881,REEF
3882,REEK
3883,REEL
3884,REEN
3885,REES
3886,REFS
3887,REFT
3888,REGO
3889,REGS
3890,REHS
3891,REIF
3892,REIK
3893,REIN
3894,REIS
3895,REKE
3896,RELY
3897,REMS
3898,REND
3899,RENK
3900,RENS
3901,RENT
3902,RENY
3903,REOS
3904,REPO
3905,REPP
3906,REPS
3907,RESH
3908,REST
3909,RETE
3910,RETS
3911,REVS
3912,REWS
3913,RHEA
3914,RHOS
3915,RHUS
3916,RIAL
3917,RIAS
3918,RIBA
3919,RIBS
3920,RICE
3921,RICH
3922,RICK
3923,RICY
3924,RIDE
3925,RIDS
3926,RIEL
3927,RIEM
3928,RIFE
3929,RIFF
3930,RIFS
3931,RIFT
3932,RIGG
3933,RIGS
3934,RILE
3935,RILL
3936,RIMA
3937,RIME
3938,RIMS
3939,RIMU
3940,RIMY
3941,RIND
3942,RINE
3943,RING
3944,RINK
3945,RINS
3946,RIOT
3947,RIPE
3948,RIPP
3949,RIPS
3950,RIPT
3951,RISE
3952,RISK
3953,RISP
3954,RITE
3955,RITS
3956,RITT
3957,RITZ
3958,RIVA
3959,RIVE
3960,RIVO
3961,RIZA
3962,ROAD
3963,ROAM
3964,ROAN
3965,ROAR
3966,ROBE
3967,ROBS
3968,ROCH
3969,ROCK
3970,ROCS
3971,RODE
3972,RODS
3973,ROED
3974,ROES
3975,ROIL
3976,ROIN
3977,ROJI
3978,ROKE
3979,ROKS
3980,ROKY
3981,ROLE
3982,ROLF
3983,ROLL
3984,ROMA
3985,ROMP
3986,ROMS
3987,RONE
3988,RONG
3989,RONT
3990,ROOD
3991,ROOF
3992,ROOK
3993,ROOM
3994,ROON
3995,ROOP
3996,ROOS
3997,ROOT
3998,ROPE
3999,ROPY
4000,RORE
4001,RORT
4002,RORY
4003,ROSE
4004,ROST
4005,ROSY
4006,ROTA
4007,ROTE
4008,ROTI
4009,ROTL
4010,ROTO
4011,ROTS
4012,ROUE
4013,ROUL
4014,ROUM
4015,ROUP
4016,ROUT
4017,ROUX
4018,ROVE
4019,ROWS
4020,ROWT
4021,RUBE
4022,RUBS
4023,RUBY
4024,RUCK
4025,RUCS
4026,RUDD
4027,RUDE
4028,RUDS
4029,RUED
4030,RUER
4031,RUES
4032,RUFF
4033,RUGA
4034,RUGS
4035,RUIN
4036,RUKH
4037,RULE
4038,RULY
4039,RUME
4040,RUMP
4041,RUMS
4042,RUND
4043,RUNE
4044,RUNG
4045,RUNS
4046,RUNT
4047,RURP
4048,RURU
4049,RUSA
4050,RUSE
4051,RUSH
4052,RUSK
4053,RUST
4054,RUTH
4055,RUTS
4056,RYAL
4057,RYAS
4058,RYES
4059,RYFE
4060,RYKE
4061,RYND
4062,RYOT
4063,RYPE
4064,SABE
4065,SABS
4066,SACK
4067,SACS
4068,SADE
4069,SADI
4070,SADO
4071,SADS
4072,SAFE
4073,SAFT
4074,SAGA
4075,SAGE
4076,SAGO
4077,SAGS
4078,SAGY
4079,SAIC
4080,SAID
4081,SAIL
4082,SAIM
4083,SAIN
4084,SAIR
4085,SAIS
4086,SAKE
4087,SAKI
4088,SALE
4089,SALL
4090,SALP
4091,SALS
4092,SALT
4093,SAMA
4094,SAME
4095,SAMP
4096,SAMS
4097,SAND
4098,SANE
4099,SANG
4100,SANK
4101,SANS
4102,SANT
4103,SAPS
4104,SARD
4105,SARI
4106,SARK
4107,SARS
4108,SASH
4109,SASS
4110,SATE
4111,SATI
4112,SAUL
4113,SAUT
4114,SAVE
4115,SAVS
4116,SAWN
4117,SAWS
4118,SAXE
4119,SAYS
4120,SCAB
4121,SCAD
4122,SCAG
4123,SCAM
4124,SCAN
4125,SCAR
4126,SCAT
4127,SCAW
4128,SCOG
4129,SCOP
4130,SCOT
4131,SCOW
4132,SCRY
4133,SCUD
4134,SCUG
4135,SCUL
4136,SCUM
4137,SCUP
4138,SCUR
4139,SCUT
4140,SCYE
4141,SEAL
4142,SEAM
4143,SEAN
4144,SEAR
4145,SEAS
4146,SEAT
4147,SECH
4148,SECO
4149,SECS
4150,SECT
4151,SEED
4152,SEEK
4153,SEEL
4154,SEEM
4155,SEEN
4156,SEEP
4157,SEER
4158,SEES
4159,SEGO
4160,SEGS
4161,SEIF
4162,SEIK
4163,SEIL
4164,SEIR
4165,SEIS
4166,SEKT
4167,SELD
4168,SELE
4169,SELF
4170,SELL
4171,SELS
4172,SEME
4173,SEMI
4174,SENA
4175,SEND
4176,SENE
4177,SENS
4178,SENT
4179,SEPS
4180,SEPT
4181,SERA
4182,SERE
4183,SERF
4184,SERK
4185,SERR
4186,SERS
4187,SESE
4188,SESH
4189,SESS
4190,SETA
4191,SETS
4192,SETT
4193,SEWN
4194,SEWS
4195,SEXT
4196,SEXY
4197,SEYS
4198,SHAD
4199,SHAG
4200,SHAH
4201,SHAM
4202,SHAN
4203,SHAT
4204,SHAW
4205,SHAY
4206,SHEA
4207,SHED
4208,SHES
4209,SHET
4210,SHEW
4211,SHIM
4212,SHIN
4213,SHIP
4214,SHIR
4215,SHIT
4216,SHIV
4217,SHMO
4218,SHOD
4219,SHOE
4220,SHOG
4221,SHOO
4222,SHOP
4223,SHOT
4224,SHOW
4225,SHRI
4226,SHUL
4227,SHUN
4228,SHUT
4229,SHWA
4230,SIAL
4231,SIBB
4232,SIBS
4233,SICE
4234,SICH
4235,SICK
4236,SICS
4237,SIDA
4238,SIDE
4239,SIDH
4240,SIEN
4241,SIES
4242,SIFT
4243,SIGH
4244,SIGN
4245,SIJO
4246,SIKA
4247,SIKE
4248,SILD
4249,SILE
4250,SILK
4251,SILL
4252,SILO
4253,SILT
4254,SIMA
4255,SIMI
4256,SIMP
4257,SIMS
4258,SIND
4259,SINE
4260,SING
4261,SINH
4262,SINK
4263,SINS
4264,SIPE
4265,SIPS
4266,SIRE
4267,SIRI
4268,SIRS
4269,SISS
4270,SIST
4271,SITE
4272,SITH
4273,SITS
4274,SITZ
4275,SIZE
4276,SIZY
4277,SJOE
4278,SKAG
4279,SKAS
4280,SKAT
4281,SKAW
4282,SKEE
4283,SKEG
4284,SKEN
4285,SKEO
4286,SKEP
4287,SKER
4288,SKET
4289,SKEW
4290,SKID
4291,SKIM
4292,SKIN
4293,SKIO
4294,SKIP
4295,SKIS
4296,SKIT
4297,SKOL
4298,SKRY
4299,SKUA
4300,SKUG
4301,SKYF
4302,SKYR
4303,SLAB
4304,SLAE
4305,SLAG
4306,SLAM
4307,SLAP
4308,SLAT
4309,SLAW
4310,SLAY
4311,SLED
4312,SLEE
4313,SLEW
4314,SLEY
4315,SLID
4316,SLIM
4317,SLIP
4318,SLIT
4319,SLOB
4320,SLOE
4321,SLOG
4322,SLOP
4323,SLOT
4324,SLOW
4325,SLUB
4326,SLUE
4327,SLUG
4328,SLUM
4329,SLUR
4330,SLUT
4331,SMEE
4332,SMEW
4333,SMIR
4334,SMIT
4335,SMOG
4336,SMUG
4337,SMUR
4338,SMUT
4339,SNAB
4340,SNAG
4341,SNAP
4342,SNAR
4343,SNAW
4344,SNEB
4345,SNED
4346,SNEE
4347,SNIB
4348,SNIG
4349,SNIP
4350,SNIT
4351,SNOB
4352,SNOD
4353,SNOG
4354,SNOT
4355,SNOW
4356,SNUB
4357,SNUG
4358,SNYE
4359,SOAK
4360,SOAP
4361,SOAR
4362,SOBA
4363,SOBS
4364,SOCA
4365,SOCK
4366,SOCS
4367,SODA
4368,SODS
4369,SOFA
4370,SOFT
4371,SOGS
4372,SOHO
4373,SOHS
4374,SOIL
4375,SOJA
4376,SOKE
4377,SOLA
4378,SOLD
4379,SOLE
4380,SOLI
4381,SOLO
4382,SOLS
4383,SOMA
4384,SOME
4385,SOMS
4386,SOMY
4387,SONE
4388,SONG
4389,SONS
4390,SOOK
4391,SOOL
4392,SOOM
4393,SOON
4394,SOOP
4395,SOOT
4396,SOPH
4397,SOPS
4398,SORA
4399,SORB
4400,SORD
4401,SORE
4402,SORI
4403,SORN
4404,SORT
4405,SOSS
4406,SOTH
4407,SOTS
4408,SOUK
4409,SOUL
4410,SOUM
4411,SOUP
4412,SOUR
4413,SOUS
4414,SOUT
4415,SOVS
4416,SOWF
4417,SOWL
4418,SOWM
4419,SOWN
4420,SOWP
4421,SOWS
4422,SOYA
4423,SOYS
4424,SPAE
4425,SPAG
4426,SPAM
4427,SPAN
4428,SPAR
4429,SPAS
4430,SPAT
4431,SPAW
4432,SPAY
4433,SPAZ
4434,SPEC
4435,SPED
4436,SPEK
4437,SPET
4438,SPEW
4439,SPIC
4440,SPIE
4441,SPIF
4442,SPIK
4443,SPIM
4444,SPIN
4445,SPIT
4446,SPIV
4447,SPOD
4448,SPOT
4449,SPRY
4450,SPUD
4451,SPUE
4452,SPUG
4453,SPUN
4454,SPUR
4455,SRIS
4456,STAB
4457,STAG
4458,STAP
4459,STAR
4460,STAT
4461,STAW
4462,STAY
4463,STED
4464,STEM
4465,STEN
4466,STEP
4467,STET
4468,STEW
4469,STEY
4470,STIE
4471,STIM
4472,STIR
4473,STOA
4474,STOB
4475,STOP
4476,STOT
4477,STOW
4478,STUB
4479,STUD
4480,STUM
4481,STUN
4482,STYE
4483,SUBA
4484,SUBS
4485,SUCH
4486,SUCK
4487,SUDD
4488,SUDS
4489,SUED
4490,SUER
4491,SUES
4492,SUET
4493,SUGH
4494,SUID
4495,SUIT
4496,SUKH
4497,SUKS
4498,SULK
4499,SULU
4500,SUMO
4501,SUMP
4502,SUMS
4503,SUMY
4504,SUNG
4505,SUNK
4506,SUNN
4507,SUNS
4508,SUPE
4509,SUPS
4510,SUQS
4511,SURA
4512,SURD
4513,SURE
4514,SURF
4515,SUSS
4516,SUSU
4517,SWAB
4518,SWAD
4519,SWAG
4520,SWAM
4521,SWAN
4522,SWAP
4523,SWAT
4524,SWAY
4525,SWEE
4526,SWEY
4527,SWIG
4528,SWIM
4529,SWIZ
4530,SWOB
4531,SWOP
4532,SWOT
4533,SWUM
4534,SYBO
4535,SYCE
4536,SYED
4537,SYEN
4538,SYES
4539,SYKE
4540,SYLI
4541,SYNC
4542,SYND
4543,SYNE
4544,SYPE
4545,SYPH
4546,TAAL
4547,TABI
4548,TABS
4549,TABU
4550,TACE
4551,TACH
4552,TACK
4553,TACO
4554,TACT
4555,TADS
4556,TAED
4557,TAEL
4558,TAES
4559,TAGS
4560,TAHA
4561,TAHR
4562,TAIG
4563,TAIL
4564,TAIN
4565,TAIS
4566,TAIT
4567,TAKA
4568,TAKE
4569,TAKI
4570,TAKS
4571,TAKY
4572,TALA
4573,TALC
4574,TALE
4575,TALI
4576,TALK
4577,TALL
4578,TAME
4579,TAMP
4580,TAMS
4581,TANA
4582,TANE
4583,TANG
4584,TANH
4585,TANK
4586,TANS
4587,TAOS
4588,TAPA
4589,TAPE
4590,TAPS
4591,TAPU
4592,TARA
4593,TARE
4594,TARN
4595,TARO
4596,TARP
4597,TARS
4598,TART
4599,TASH
4600,TASK
4601,TASS
4602,TATE
4603,TATH
4604,TATS
4605,TATT
4606,TATU
4607,TAUS
4608,TAUT
4609,TAVA
4610,TAVS
4611,TAWA
4612,TAWS
4613,TAWT
4614,TAXA
4615,TAXI
4616,TAYS
4617,TEAD
4618,TEAK
4619,TEAL
4620,TEAM
4621,TEAR
4622,TEAS
4623,TEAT
4624,TECH
4625,TECS
4626,TEDS
4627,TEDY
4628,TEED
4629,TEEK
4630,TEEL
4631,TEEM
4632,TEEN
4633,TEER
4634,TEES
4635,TEFF
4636,TEFS
4637,TEGG
4638,TEGS
4639,TEGU
4640,TEHR
4641,TEIL
4642,TELA
4643,TELD
4644,TELE
4645,TELL
4646,TELS
4647,TELT
4648,TEME
4649,TEMP
4650,TEMS
4651,TEND
4652,TENE
4653,TENS
4654,TENT
4655,TEPA
4656,TERF
4657,TERM
4658,TERN
4659,TEST
4660,TETE
4661,TETH
4662,TETS
4663,TEWS
4664,TEXT
4665,THAE
4666,THAN
4667,THAR
4668,THAT
4669,THAW
4670,THEE
4671,THEM
4672,THEN
4673,THEW
4674,THEY
4675,THIG
4676,THIN
4677,THIO
4678,THIR
4679,THIS
4680,THON
4681,THOU
4682,THRO
4683,THRU
4684,THUD
4685,THUG
4686,THUS
4687,TIAR
4688,TICE
4689,TICH
4690,TICK
4691,TICS
4692,TIDE
4693,TIDS
4694,TIDY
4695,TIED
4696,TIER
4697,TIES
4698,TIFF
4699,TIFT
4700,TIGE
4701,TIGS
4702,TIKA
4703,TIKE
4704,TIKI
4705,TILE
4706,TILL
4707,TILS
4708,TILT
4709,TIME
4710,TIND
4711,TINE
4712,TING
4713,TINK
4714,TINS
4715,TINT
4716,TINY
4717,TIPI
4718,TIPS
4719,TIPT
4720,TIRE
4721,TIRL
4722,TIRO
4723,TIRR
4724,TITE
4725,TITI
4726,TITS
4727,TIVY
4728,TIZZ
4729,TOAD
4730,TOBY
4731,TOCK
4732,TOCO
4733,TOCS
4734,TODS
4735,TODY
4736,TOEA
4737,TOED
4738,TOES
4739,TOEY
4740,TOFF
4741,TOFT
4742,TOFU
4743,TOGA
4744,TOGE
4745,TOGS
4746,TOHO
4747,TOIL
4748,TOIT
4749,TOKE
4750,TOKO
4751,TOLA
4752,TOLD
4753,TOLE
4754,TOLL
4755,TOLT
4756,TOLU
4757,TOMB
4758,TOME
4759,TOMO
4760,TOMS
4761,TONE
4762,TONG
4763,TONK
4764,TONS
4765,TONY
4766,TOOK
4767,TOOL
4768,TOOM
4769,TOON
4770,TOOT
4771,TOPE
4772,TOPH
4773,TOPI
4774,TOPO
4775,TOPS
4776,TORA
4777,TORC
4778,TORE
4779,TORI
4780,TORN
4781,TORO
4782,TORR
4783,TORS
4784,TORT
4785,TORY
4786,TOSA
4787,TOSE
4788,TOSH
4789,TOSS
4790,TOST
4791,TOTE
4792,TOTS
4793,TOUK
4794,TOUN
4795,TOUR
4796,TOUT
4797,TOWN
4798,TOWS
4799,TOWT
4800,TOWY
4801,TOYO
4802,TOYS
4803,TOZE
4804,TRAD
4805,TRAM
4806,TRAP
4807,TRAT
4808,TRAY
4809,TREE
4810,TREF
4811,TREK
4812,TRES
4813,TRET
4814,TREW
4815,TREY
4816,TREZ
4817,TRIE
4818,TRIG
4819,TRIM
4820,TRIN
4821,TRIO
4822,TRIP
4823,TROD
4824,TROG
4825,TRON
4826,TROP
4827,TROT
4828,TROW
4829,TROY
4830,True
4831,TRUG
4832,TRYE
4833,TRYP
4834,TSAR
4835,TSKS
4836,TUAN
4837,TUBA
4838,TUBE
4839,TUBS
4840,TUCK
4841,TUFA
4842,TUFF
4843,TUFT
4844,TUGS
4845,TUIS
4846,TULE
4847,TUMP
4848,TUMS
4849,TUNA
4850,TUND
4851,TUNE
4852,TUNG
4853,TUNS
4854,TUNY
4855,TUPS
4856,TURD
4857,TURF
4858,TURK
4859,TURM
4860,TURN
4861,TUSH
4862,TUSK
4863,TUTS
4864,TUTU
4865,TUZZ
4866,TWAE
4867,TWAL
4868,TWAS
4869,TWAT
4870,TWAY
4871,TWEE
4872,TWIG
4873,TWIN
4874,TWIT
4875,TWOS
4876,TYDE
4877,TYED
4878,TYEE
4879,TYER
4880,TYES
4881,TYGS
4882,TYIN
4883,TYKE
4884,TYMP
4885,TYND
4886,TYNE
4887,TYPE
4888,TYPO
4889,TYPP
4890,TYPY
4891,TYRE
4892,TYRO
4893,TYTE
4894,TZAR
4895,UDAL
4896,UDON
4897,UDOS
4898,UEYS
4899,UFOS
4900,UGHS
4901,UGLY
4902,UKES
4903,ULAN
4904,ULES
4905,ULEX
4906,ULNA
4907,ULUS
4908,ULVA
4909,UMBO
4910,UMPH
4911,UMPS
4912,UMPY
4913,UNAI
4914,UNAU
4915,UNBE
4916,UNCE
4917,UNCI
4918,UNCO
4919,UNDE
4920,UNDO
4921,UNDY
4922,UNIS
4923,UNIT
4924,UNTO
4925,UPAS
4926,UPBY
4927,UPDO
4928,UPGO
4929,UPON
4930,UPSY
4931,UPTA
4932,URAO
4933,URBS
4934,URDE
4935,URDS
4936,URDY
4937,UREA
4938,URES
4939,URGE
4940,URIC
4941,URNS
4942,URPS
4943,URSA
4944,URUS
4945,URVA
4946,USED
4947,USER
4948,USES
4949,UTAS
4950,UTES
4951,UTIS
4952,UTUS
4953,UVAE
4954,UVAS
4955,UVEA
4956,VACS
4957,VADE
4958,VAES
4959,VAGI
4960,VAGS
4961,VAIL
4962,VAIN
4963,VAIR
4964,VALE
4965,VALI
4966,VAMP
4967,VANE
4968,VANG
4969,VANS
4970,VANT
4971,VARA
4972,VARE
4973,VARS
4974,VARY
4975,VASA
4976,VASE
4977,VAST
4978,VATS
4979,VATU
4980,VAUS
4981,VAUT
4982,VAVS
4983,VAWS
4984,VEAL
4985,VEEP
4986,VEER
4987,VEES
4988,VEGA
4989,VEGO
4990,VEHM
4991,VEIL
4992,VEIN
4993,VELA
4994,VELD
4995,VELE
4996,VELL
4997,VENA
4998,VEND
4999,VENT
5000,VERA
5001,VERB
5002,VERD
5003,VERS
5004,VERT
5005,VERY
5006,VEST
5007,VETO
5008,VETS
5009,VEXT
5010,VIAE
5011,VIAL
5012,VIAS
5013,VIBE
5014,VIBS
5015,VICE
5016,VIDE
5017,VIDS
5018,VIED
5019,VIER
5020,VIES
5021,VIEW
5022,VIGA
5023,VIGS
5024,VILD
5025,VILE
5026,VILL
5027,VIMS
5028,VINA
5029,VINE
5030,VINO
5031,VINS
5032,VINT
5033,VINY
5034,VIOL
5035,VIRE
5036,VIRL
5037,VISA
5038,VISE
5039,VITA
5040,VITE
5041,VIVA
5042,VIVE
5043,VIVO
5044,VIZY
5045,VLEI
5046,VOAR
5047,VOES
5048,VOID
5049,VOLA
5050,VOLE
5051,VOLK
5052,VOLS
5053,VOLT
5054,VORS
5055,VOTE
5056,VOWS
5057,VRIL
5058,VROT
5059,VROU
5060,VROW
5061,VUGG
5062,VUGH
5063,VUGS
5064,VULN
5065,VUMS
5066,WAAC
5067,WABS
5068,WACK
5069,WADD
5070,WADE
5071,WADI
5072,WADS
5073,WADT
5074,WADY
5075,WAES
5076,WAFF
5077,WAFT
5078,WAGE
5079,WAGS
5080,WAID
5081,WAIF
5082,WAIL
5083,WAIN
5084,WAIR
5085,WAIS
5086,WAIT
5087,WAKA
5088,WAKE
5089,WAKF
5090,WALD
5091,WALE
5092,WALI
5093,WALK
5094,WALL
5095,WALY
5096,WAME
5097,WAND
5098,WANE
5099,WANG
5100,WANK
5101,WANS
5102,WANT
5103,WANY
5104,WAPS
5105,WAQF
5106,WARB
5107,WARD
5108,WARE
5109,WARK
5110,WARM
5111,WARN
5112,WARP
5113,WARS
5114,WART
5115,WARY
5116,WASE
5117,WASH
5118,WASM
5119,WASP
5120,WAST
5121,WATE
5122,WATS
5123,WATT
5124,WAUK
5125,WAUL
5126,WAUR
5127,WAVE
5128,WAVY
5129,WAWA
5130,WAWE
5131,WAWL
5132,WAWS
5133,WAXY
5134,WAYS
5135,WEAK
5136,WEAL
5137,WEAN
5138,WEAR
5139,WEBS
5140,WEDS
5141,WEED
5142,WEEK
5143,WEEL
5144,WEEM
5145,WEEN
5146,WEEP
5147,WEER
5148,WEES
5149,WEET
5150,WEFT
5151,WEID
5152,WEIL
5153,WEIR
5154,WEKA
5155,WELD
5156,WELK
5157,WELL
5158,WELT
5159,WEMB
5160,WEMS
5161,WENA
5162,WEND
5163,WENS
5164,WENT
5165,WEPT
5166,WERE
5167,WERO
5168,WERT
5169,WEST
5170,WETA
5171,WETS
5172,WEXE
5173,WEYS
5174,WHAE
5175,WHAM
5176,WHAP
5177,WHAT
5178,WHEE
5179,WHEN
5180,WHET
5181,WHEW
5182,WHEY
5183,WHID
5184,WHIG
5185,WHIM
5186,WHIN
5187,WHIO
5188,WHIP
5189,WHIR
5190,WHIT
5191,WHIZ
5192,WHOA
5193,WHOM
5194,WHOP
5195,WHOT
5196,WHOW
5197,WHUP
5198,WHYS
5199,WICE
5200,WICH
5201,WICK
5202,WIDE
5203,WIEL
5204,WIFE
5205,WIGS
5206,WILD
5207,WILE
5208,WILI
5209,WILL
5210,WILT
5211,WILY
5212,WIMP
5213,WIND
5214,WINE
5215,WING
5216,WINK
5217,WINN
5218,WINO
5219,WINS
5220,WINY
5221,WIPE
5222,WIRE
5223,WIRY
5224,WISE
5225,WISH
5226,WISP
5227,WISS
5228,WIST
5229,WITE
5230,WITH
5231,WITS
5232,WIVE
5233,WOAD
5234,WOCK
5235,WOES
5236,WOFS
5237,WOGS
5238,WOKE
5239,WOKS
5240,WOLD
5241,WOLF
5242,WOMB
5243,WONK
5244,WONS
5245,WONT
5246,WOOD
5247,WOOF
5248,WOOL
5249,WOON
5250,WOOS
5251,WOOT
5252,WOPS
5253,WORD
5254,WORE
5255,WORK
5256,WORM
5257,WORN
5258,WORT
5259,WOST
5260,WOTS
5261,WOVE
5262,WOWF
5263,WOWS
5264,WRAP
5265,WREN
5266,WRIT
5267,WUDS
5268,WUDU
5269,WULL
5270,WUSS
5271,WYCH
5272,WYES
5273,WYLE
5274,WYND
5275,WYNN
5276,WYNS
5277,WYTE
5278,XYST
5279,YAAR
5280,YABA
5281,YACK
5282,YADS
5283,YAFF
5284,YAGI
5285,YAGS
5286,YAHS
5287,YAKS
5288,YALD
5289,YALE
5290,YAMS
5291,YANG
5292,YANK
5293,YAPP
5294,YAPS
5295,YARD
5296,YARE
5297,YARK
5298,YARN
5299,YARR
5300,YATE
5301,YAUD
5302,YAUP
5303,YAWL
5304,YAWN
5305,YAWP
5306,YAWS
5307,YAWY
5308,YAYS
5309,YBET
5310,YEAD
5311,YEAH
5312,YEAN
5313,YEAR
5314,YEAS
5315,YEBO
5316,YECH
5317,YEDE
5318,YEED
5319,YEGG
5320,YELD
5321,YELK
5322,YELL
5323,YELM
5324,YELP
5325,YELT
5326,YENS
5327,YEPS
5328,YERD
5329,YERK
5330,YESK
5331,YEST
5332,YETI
5333,YETT
5334,YEUK
5335,YEVE
5336,YEWS
5337,YGOE
5338,YIDS
5339,YIKE
5340,YILL
5341,YINS
5342,YIPE
5343,YIPS
5344,YIRD
5345,YIRK
5346,YIRR
5347,YITE
5348,YLEM
5349,YLKE
5350,YMPE
5351,YMPT
5352,YOBS
5353,YOCK
5354,YODE
5355,YODH
5356,YODS
5357,YOGA
5358,YOGH
5359,YOGI
5360,YOKE
5361,YOKS
5362,YOLD
5363,YOLK
5364,YOMP
5365,YOND
5366,YONI
5367,YONT
5368,YOOF
5369,YOOP
5370,YORE
5371,YORK
5372,YORP
5373,YOUK
5374,YOUR
5375,YOUS
5376,YOWE
5377,YOWL
5378,YOWS
5379,YUAN
5380,YUCA
5381,YUCH
5382,YUCK
5383,YUFT
5384,YUGA
5385,YUGS
5386,YUKE
5387,YUKO
5388,YUKS
5389,YUKY
5390,YULE
5391,YUMP
5392,YUNX
5393,YUPS
5394,YURT
5395,YUTZ
5396,YUZU
5397,YWIS
5398,ZACK
5399,ZAGS
5400,ZANY
5401,ZAPS
5402,ZARF
5403,ZATI
5404,ZEAL
5405,ZEAS
5406,ZEBU
5407,ZEDS
5408,ZEES
5409,ZEIN
5410,ZEKS
5411,ZELS
5412,ZEPS
5413,ZERK
5414,ZERO
5415,ZEST
5416,ZETA
5417,ZEZE
5418,ZHOS
5419,ZIFF
5420,ZIGS
5421,ZILA
5422,ZILL
5423,ZIMB
5424,ZINC
5425,ZINE
5426,ZING
5427,ZINS
5428,ZIPS
5429,ZITE
5430,ZITI
5431,ZITS
5432,ZIZZ
5433,ZOBO
5434,ZOBU
5435,ZOEA
5436,ZOIC
5437,ZOLS
5438,ZONA
5439,ZONE
5440,ZONK
5441,ZOOM
5442,ZOON
5443,ZOOS
5444,ZOOT
5445,ZORI
5446,ZOUK
5447,ZULU
5448,ZUPA
5449,ZURF
5450,ZYGA
5451,ZYME
5452,ZZZS
